<annotation>
	<folder>selected_defect</folder>
	<filename>20220601_100447_023.jpg</filename>
	<path>/home/dgx/welding/selected_defect/20220601_100447_023.jpg</path>
	<source>
		<database>Unknown</database>
	</source>
	<size>
		<width>4000</width>
		<height>3000</height>
		<depth>3</depth>
	</size>
	<segmented>0</segmented>
	<object>
		<name>Defect</name>
		<pose>Unspecified</pose>
		<truncated>0</truncated>
		<difficult>0</difficult>
		<bndbox>
			<xmin>77</xmin>
			<ymin>1478</ymin>
			<xmax>356</xmax>
			<ymax>1669</ymax>
		</bndbox>
	</object>
	<object>
		<name>Defect</name>
		<pose>Unspecified</pose>
		<truncated>0</truncated>
		<difficult>0</difficult>
		<bndbox>
			<xmin>573</xmin>
			<ymin>1513</ymin>
			<xmax>1403</xmax>
			<ymax>1639</ymax>
		</bndbox>
	</object>
	<object>
		<name>Defect</name>
		<pose>Unspecified</pose>
		<truncated>0</truncated>
		<difficult>0</difficult>
		<bndbox>
			<xmin>2343</xmin>
			<ymin>1491</ymin>
			<xmax>2447</xmax>
			<ymax>1608</ymax>
		</bndbox>
	</object>
	<object>
		<name>Defect</name>
		<pose>Unspecified</pose>
		<truncated>0</truncated>
		<difficult>0</difficult>
		<bndbox>
			<xmin>2564</xmin>
			<ymin>1521</ymin>
			<xmax>2686</xmax>
			<ymax>1634</ymax>
		</bndbox>
	</object>
</annotation>
