<annotation>
	<folder>selected_defect</folder>
	<filename>20220601_100447_024.jpg</filename>
	<path>/home/dgx/welding/selected_defect/20220601_100447_024.jpg</path>
	<source>
		<database>Unknown</database>
	</source>
	<size>
		<width>4000</width>
		<height>3000</height>
		<depth>3</depth>
	</size>
	<segmented>0</segmented>
	<object>
		<name>Defect</name>
		<pose>Unspecified</pose>
		<truncated>0</truncated>
		<difficult>0</difficult>
		<bndbox>
			<xmin>3</xmin>
			<ymin>1469</ymin>
			<xmax>269</xmax>
			<ymax>1656</ymax>
		</bndbox>
	</object>
	<object>
		<name>Defect</name>
		<pose>Unspecified</pose>
		<truncated>0</truncated>
		<difficult>0</difficult>
		<bndbox>
			<xmin>460</xmin>
			<ymin>1504</ymin>
			<xmax>686</xmax>
			<ymax>1634</ymax>
		</bndbox>
	</object>
	<object>
		<name>Defect</name>
		<pose>Unspecified</pose>
		<truncated>0</truncated>
		<difficult>0</difficult>
		<bndbox>
			<xmin>899</xmin>
			<ymin>1486</ymin>
			<xmax>1308</xmax>
			<ymax>1630</ymax>
		</bndbox>
	</object>
	<object>
		<name>Defect</name>
		<pose>Unspecified</pose>
		<truncated>0</truncated>
		<difficult>0</difficult>
		<bndbox>
			<xmin>2230</xmin>
			<ymin>1491</ymin>
			<xmax>3386</xmax>
			<ymax>1617</ymax>
		</bndbox>
	</object>
</annotation>
