<annotation>
	<folder>selected_defect</folder>
	<filename>20220601_100447_017.jpg</filename>
	<path>/home/dgx/welding/selected_defect/20220601_100447_017.jpg</path>
	<source>
		<database>Unknown</database>
	</source>
	<size>
		<width>4000</width>
		<height>3000</height>
		<depth>3</depth>
	</size>
	<segmented>0</segmented>
	<object>
		<name>Defect</name>
		<pose>Unspecified</pose>
		<truncated>0</truncated>
		<difficult>0</difficult>
		<bndbox>
			<xmin>47</xmin>
			<ymin>1430</ymin>
			<xmax>973</xmax>
			<ymax>1630</ymax>
		</bndbox>
	</object>
	<object>
		<name>Defect</name>
		<pose>Unspecified</pose>
		<truncated>0</truncated>
		<difficult>0</difficult>
		<bndbox>
			<xmin>1147</xmin>
			<ymin>1482</ymin>
			<xmax>1395</xmax>
			<ymax>1608</ymax>
		</bndbox>
	</object>
	<object>
		<name>Defect</name>
		<pose>Unspecified</pose>
		<truncated>0</truncated>
		<difficult>0</difficult>
		<bndbox>
			<xmin>2012</xmin>
			<ymin>1456</ymin>
			<xmax>3030</xmax>
			<ymax>1600</ymax>
		</bndbox>
	</object>
</annotation>
