<annotation>
	<folder>selected_defect</folder>
	<filename>20220601_100447_050.jpg</filename>
	<path>/home/dgx/welding/selected_defect/20220601_100447_050.jpg</path>
	<source>
		<database>Unknown</database>
	</source>
	<size>
		<width>4000</width>
		<height>3000</height>
		<depth>3</depth>
	</size>
	<segmented>0</segmented>
	<object>
		<name>Defect</name>
		<pose>Unspecified</pose>
		<truncated>0</truncated>
		<difficult>0</difficult>
		<bndbox>
			<xmin>56</xmin>
			<ymin>1565</ymin>
			<xmax>382</xmax>
			<ymax>1652</ymax>
		</bndbox>
	</object>
	<object>
		<name>Defect</name>
		<pose>Unspecified</pose>
		<truncated>0</truncated>
		<difficult>0</difficult>
		<bndbox>
			<xmin>1590</xmin>
			<ymin>1473</ymin>
			<xmax>1816</xmax>
			<ymax>1673</ymax>
		</bndbox>
	</object>
	<object>
		<name>Defect</name>
		<pose>Unspecified</pose>
		<truncated>0</truncated>
		<difficult>0</difficult>
		<bndbox>
			<xmin>1882</xmin>
			<ymin>1513</ymin>
			<xmax>2003</xmax>
			<ymax>1634</ymax>
		</bndbox>
	</object>
	<object>
		<name>Defect</name>
		<pose>Unspecified</pose>
		<truncated>0</truncated>
		<difficult>0</difficult>
		<bndbox>
			<xmin>2060</xmin>
			<ymin>1495</ymin>
			<xmax>2164</xmax>
			<ymax>1621</ymax>
		</bndbox>
	</object>
</annotation>
