<annotation>
	<folder>selected_defect</folder>
	<filename>20220601_100447_056.jpg</filename>
	<path>/home/dgx/welding/selected_defect/20220601_100447_056.jpg</path>
	<source>
		<database>Unknown</database>
	</source>
	<size>
		<width>4000</width>
		<height>3000</height>
		<depth>3</depth>
	</size>
	<segmented>0</segmented>
	<object>
		<name>Defect</name>
		<pose>Unspecified</pose>
		<truncated>0</truncated>
		<difficult>0</difficult>
		<bndbox>
			<xmin>930</xmin>
			<ymin>1426</ymin>
			<xmax>1825</xmax>
			<ymax>1634</ymax>
		</bndbox>
	</object>
	<object>
		<name>Defect</name>
		<pose>Unspecified</pose>
		<truncated>0</truncated>
		<difficult>0</difficult>
		<bndbox>
			<xmin>2890</xmin>
			<ymin>1386</ymin>
			<xmax>3977</xmax>
			<ymax>1604</ymax>
		</bndbox>
	</object>
</annotation>
