<annotation>
	<folder>selected_defect</folder>
	<filename>20220601_100447_004.jpg</filename>
	<path>/home/dgx/welding/selected_defect/20220601_100447_004.jpg</path>
	<source>
		<database>Unknown</database>
	</source>
	<size>
		<width>4000</width>
		<height>3000</height>
		<depth>3</depth>
	</size>
	<segmented>0</segmented>
	<object>
		<name>Defect</name>
		<pose>Unspecified</pose>
		<truncated>0</truncated>
		<difficult>0</difficult>
		<bndbox>
			<xmin>73</xmin>
			<ymin>1339</ymin>
			<xmax>2516</xmax>
			<ymax>1543</ymax>
		</bndbox>
	</object>
	<object>
		<name>Defect</name>
		<pose>Unspecified</pose>
		<truncated>0</truncated>
		<difficult>0</difficult>
		<bndbox>
			<xmin>2630</xmin>
			<ymin>1378</ymin>
			<xmax>2982</xmax>
			<ymax>1508</ymax>
		</bndbox>
	</object>
</annotation>
