<annotation>
	<folder>selected_defect</folder>
	<filename>20220601_100447_079.jpg</filename>
	<path>/home/dgx/welding/selected_defect/20220601_100447_079.jpg</path>
	<source>
		<database>Unknown</database>
	</source>
	<size>
		<width>4000</width>
		<height>3000</height>
		<depth>3</depth>
	</size>
	<segmented>0</segmented>
	<object>
		<name>Defect</name>
		<pose>Unspecified</pose>
		<truncated>0</truncated>
		<difficult>0</difficult>
		<bndbox>
			<xmin>12</xmin>
			<ymin>1369</ymin>
			<xmax>134</xmax>
			<ymax>1530</ymax>
		</bndbox>
	</object>
	<object>
		<name>Defect</name>
		<pose>Unspecified</pose>
		<truncated>0</truncated>
		<difficult>0</difficult>
		<bndbox>
			<xmin>186</xmin>
			<ymin>1400</ymin>
			<xmax>269</xmax>
			<ymax>1500</ymax>
		</bndbox>
	</object>
	<object>
		<name>Defect</name>
		<pose>Unspecified</pose>
		<truncated>0</truncated>
		<difficult>0</difficult>
		<bndbox>
			<xmin>295</xmin>
			<ymin>1400</ymin>
			<xmax>390</xmax>
			<ymax>1482</ymax>
		</bndbox>
	</object>
	<object>
		<name>Defect</name>
		<pose>Unspecified</pose>
		<truncated>0</truncated>
		<difficult>0</difficult>
		<bndbox>
			<xmin>438</xmin>
			<ymin>1391</ymin>
			<xmax>3738</xmax>
			<ymax>1460</ymax>
		</bndbox>
	</object>
</annotation>
