<annotation>
	<folder>selected_defect</folder>
	<filename>20220601_100447_030.jpg</filename>
	<path>/home/dgx/welding/selected_defect/20220601_100447_030.jpg</path>
	<source>
		<database>Unknown</database>
	</source>
	<size>
		<width>4000</width>
		<height>3000</height>
		<depth>3</depth>
	</size>
	<segmented>0</segmented>
	<object>
		<name>Defect</name>
		<pose>Unspecified</pose>
		<truncated>0</truncated>
		<difficult>0</difficult>
		<bndbox>
			<xmin>238</xmin>
			<ymin>1443</ymin>
			<xmax>582</xmax>
			<ymax>1582</ymax>
		</bndbox>
	</object>
	<object>
		<name>Defect</name>
		<pose>Unspecified</pose>
		<truncated>0</truncated>
		<difficult>0</difficult>
		<bndbox>
			<xmin>1551</xmin>
			<ymin>1426</ymin>
			<xmax>1634</xmax>
			<ymax>1513</ymax>
		</bndbox>
	</object>
	<object>
		<name>Defect</name>
		<pose>Unspecified</pose>
		<truncated>0</truncated>
		<difficult>0</difficult>
		<bndbox>
			<xmin>1751</xmin>
			<ymin>1421</ymin>
			<xmax>1860</xmax>
			<ymax>1530</ymax>
		</bndbox>
	</object>
</annotation>
