<annotation>
	<folder>selected_defect</folder>
	<filename>20220601_100420_075.jpg</filename>
	<path>/home/dgx/welding/selected_defect/20220601_100420_075.jpg</path>
	<source>
		<database>Unknown</database>
	</source>
	<size>
		<width>4000</width>
		<height>3000</height>
		<depth>3</depth>
	</size>
	<segmented>0</segmented>
	<object>
		<name>defect</name>
		<pose>Unspecified</pose>
		<truncated>0</truncated>
		<difficult>0</difficult>
		<bndbox>
			<xmin>542</xmin>
			<ymin>1426</ymin>
			<xmax>782</xmax>
			<ymax>1618</ymax>
		</bndbox>
	</object>
	<object>
		<name>defect</name>
		<pose>Unspecified</pose>
		<truncated>0</truncated>
		<difficult>0</difficult>
		<bndbox>
			<xmin>878</xmin>
			<ymin>1442</ymin>
			<xmax>1042</xmax>
			<ymax>1598</ymax>
		</bndbox>
	</object>
	<object>
		<name>defect</name>
		<pose>Unspecified</pose>
		<truncated>0</truncated>
		<difficult>0</difficult>
		<bndbox>
			<xmin>1086</xmin>
			<ymin>1446</ymin>
			<xmax>1206</xmax>
			<ymax>1618</ymax>
		</bndbox>
	</object>
	<object>
		<name>defect</name>
		<pose>Unspecified</pose>
		<truncated>0</truncated>
		<difficult>0</difficult>
		<bndbox>
			<xmin>1226</xmin>
			<ymin>1466</ymin>
			<xmax>1366</xmax>
			<ymax>1614</ymax>
		</bndbox>
	</object>
</annotation>
