<annotation>
	<folder>selected_defect</folder>
	<filename>20220601_100432_026.jpg</filename>
	<path>/home/dgx/welding/selected_defect/20220601_100432_026.jpg</path>
	<source>
		<database>Unknown</database>
	</source>
	<size>
		<width>4000</width>
		<height>3000</height>
		<depth>3</depth>
	</size>
	<segmented>0</segmented>
	<object>
		<name>defect</name>
		<pose>Unspecified</pose>
		<truncated>0</truncated>
		<difficult>0</difficult>
		<bndbox>
			<xmin>42</xmin>
			<ymin>1606</ymin>
			<xmax>2018</xmax>
			<ymax>1754</ymax>
		</bndbox>
	</object>
	<object>
		<name>defect</name>
		<pose>Unspecified</pose>
		<truncated>0</truncated>
		<difficult>0</difficult>
		<bndbox>
			<xmin>1630</xmin>
			<ymin>1414</ymin>
			<xmax>2242</xmax>
			<ymax>1954</ymax>
		</bndbox>
	</object>
</annotation>
