<annotation>
	<folder>selected_defect</folder>
	<filename>20220601_100447_015.jpg</filename>
	<path>/home/dgx/welding/selected_defect/20220601_100447_015.jpg</path>
	<source>
		<database>Unknown</database>
	</source>
	<size>
		<width>4000</width>
		<height>3000</height>
		<depth>3</depth>
	</size>
	<segmented>0</segmented>
	<object>
		<name>Defect</name>
		<pose>Unspecified</pose>
		<truncated>0</truncated>
		<difficult>0</difficult>
		<bndbox>
			<xmin>90</xmin>
			<ymin>1413</ymin>
			<xmax>1243</xmax>
			<ymax>1621</ymax>
		</bndbox>
	</object>
	<object>
		<name>Defect</name>
		<pose>Unspecified</pose>
		<truncated>0</truncated>
		<difficult>0</difficult>
		<bndbox>
			<xmin>1469</xmin>
			<ymin>1469</ymin>
			<xmax>1686</xmax>
			<ymax>1613</ymax>
		</bndbox>
	</object>
	<object>
		<name>Defect</name>
		<pose>Unspecified</pose>
		<truncated>0</truncated>
		<difficult>0</difficult>
		<bndbox>
			<xmin>2334</xmin>
			<ymin>1478</ymin>
			<xmax>3277</xmax>
			<ymax>1586</ymax>
		</bndbox>
	</object>
</annotation>
