<annotation>
	<folder>selected_defect</folder>
	<filename>20220601_100432_055.jpg</filename>
	<path>/home/dgx/welding/selected_defect/20220601_100432_055.jpg</path>
	<source>
		<database>Unknown</database>
	</source>
	<size>
		<width>4000</width>
		<height>3000</height>
		<depth>3</depth>
	</size>
	<segmented>0</segmented>
	<object>
		<name>Defect</name>
		<pose>Unspecified</pose>
		<truncated>0</truncated>
		<difficult>0</difficult>
		<bndbox>
			<xmin>47</xmin>
			<ymin>1360</ymin>
			<xmax>2703</xmax>
			<ymax>1543</ymax>
		</bndbox>
	</object>
</annotation>
