<annotation>
	<folder>selected_defect</folder>
	<filename>20220601_100447_028.jpg</filename>
	<path>/home/dgx/welding/selected_defect/20220601_100447_028.jpg</path>
	<source>
		<database>Unknown</database>
	</source>
	<size>
		<width>4000</width>
		<height>3000</height>
		<depth>3</depth>
	</size>
	<segmented>0</segmented>
	<object>
		<name>Defect</name>
		<pose>Unspecified</pose>
		<truncated>0</truncated>
		<difficult>0</difficult>
		<bndbox>
			<xmin>90</xmin>
			<ymin>1460</ymin>
			<xmax>877</xmax>
			<ymax>1573</ymax>
		</bndbox>
	</object>
	<object>
		<name>Defect</name>
		<pose>Unspecified</pose>
		<truncated>0</truncated>
		<difficult>0</difficult>
		<bndbox>
			<xmin>1860</xmin>
			<ymin>1426</ymin>
			<xmax>1964</xmax>
			<ymax>1543</ymax>
		</bndbox>
	</object>
	<object>
		<name>Defect</name>
		<pose>Unspecified</pose>
		<truncated>0</truncated>
		<difficult>0</difficult>
		<bndbox>
			<xmin>2056</xmin>
			<ymin>1434</ymin>
			<xmax>2186</xmax>
			<ymax>1556</ymax>
		</bndbox>
	</object>
</annotation>
