<annotation>
	<folder>selected_defect</folder>
	<filename>20220601_100447_018.jpg</filename>
	<path>/home/dgx/welding/selected_defect/20220601_100447_018.jpg</path>
	<source>
		<database>Unknown</database>
	</source>
	<size>
		<width>4000</width>
		<height>3000</height>
		<depth>3</depth>
	</size>
	<segmented>0</segmented>
	<object>
		<name>Defect</name>
		<pose>Unspecified</pose>
		<truncated>0</truncated>
		<difficult>0</difficult>
		<bndbox>
			<xmin>56</xmin>
			<ymin>1421</ymin>
			<xmax>873</xmax>
			<ymax>1652</ymax>
		</bndbox>
	</object>
	<object>
		<name>Defect</name>
		<pose>Unspecified</pose>
		<truncated>0</truncated>
		<difficult>0</difficult>
		<bndbox>
			<xmin>1051</xmin>
			<ymin>1495</ymin>
			<xmax>1286</xmax>
			<ymax>1604</ymax>
		</bndbox>
	</object>
	<object>
		<name>Defect</name>
		<pose>Unspecified</pose>
		<truncated>0</truncated>
		<difficult>0</difficult>
		<bndbox>
			<xmin>1999</xmin>
			<ymin>1478</ymin>
			<xmax>2838</xmax>
			<ymax>1586</ymax>
		</bndbox>
	</object>
	<object>
		<name>Defect</name>
		<pose>Unspecified</pose>
		<truncated>0</truncated>
		<difficult>0</difficult>
		<bndbox>
			<xmin>2882</xmin>
			<ymin>1460</ymin>
			<xmax>2943</xmax>
			<ymax>1582</ymax>
		</bndbox>
	</object>
</annotation>
