<annotation>
	<folder>selected_defect</folder>
	<filename>20220601_100447_021.jpg</filename>
	<path>/home/dgx/welding/selected_defect/20220601_100447_021.jpg</path>
	<source>
		<database>Unknown</database>
	</source>
	<size>
		<width>4000</width>
		<height>3000</height>
		<depth>3</depth>
	</size>
	<segmented>0</segmented>
	<object>
		<name>Defect</name>
		<pose>Unspecified</pose>
		<truncated>0</truncated>
		<difficult>0</difficult>
		<bndbox>
			<xmin>12</xmin>
			<ymin>1500</ymin>
			<xmax>495</xmax>
			<ymax>1660</ymax>
		</bndbox>
	</object>
	<object>
		<name>Defect</name>
		<pose>Unspecified</pose>
		<truncated>0</truncated>
		<difficult>0</difficult>
		<bndbox>
			<xmin>695</xmin>
			<ymin>1543</ymin>
			<xmax>882</xmax>
			<ymax>1639</ymax>
		</bndbox>
	</object>
	<object>
		<name>Defect</name>
		<pose>Unspecified</pose>
		<truncated>0</truncated>
		<difficult>0</difficult>
		<bndbox>
			<xmin>1560</xmin>
			<ymin>1504</ymin>
			<xmax>2595</xmax>
			<ymax>1630</ymax>
		</bndbox>
	</object>
	<object>
		<name>Defect</name>
		<pose>Unspecified</pose>
		<truncated>0</truncated>
		<difficult>0</difficult>
		<bndbox>
			<xmin>2716</xmin>
			<ymin>1508</ymin>
			<xmax>3116</xmax>
			<ymax>1652</ymax>
		</bndbox>
	</object>
</annotation>
