<annotation>
	<folder>selected_defect</folder>
	<filename>20220601_100447_095.jpg</filename>
	<path>/home/dgx/welding/selected_defect/20220601_100447_095.jpg</path>
	<source>
		<database>Unknown</database>
	</source>
	<size>
		<width>4000</width>
		<height>3000</height>
		<depth>3</depth>
	</size>
	<segmented>0</segmented>
	<object>
		<name>Defect</name>
		<pose>Unspecified</pose>
		<truncated>0</truncated>
		<difficult>0</difficult>
		<bndbox>
			<xmin>25</xmin>
			<ymin>1434</ymin>
			<xmax>1877</xmax>
			<ymax>1630</ymax>
		</bndbox>
	</object>
	<object>
		<name>Defect</name>
		<pose>Unspecified</pose>
		<truncated>0</truncated>
		<difficult>0</difficult>
		<bndbox>
			<xmin>2373</xmin>
			<ymin>1395</ymin>
			<xmax>3638</xmax>
			<ymax>1591</ymax>
		</bndbox>
	</object>
</annotation>
