<annotation>
	<folder>selected_defect</folder>
	<filename>20220601_100420_091.jpg</filename>
	<path>/home/dgx/welding/selected_defect/20220601_100420_091.jpg</path>
	<source>
		<database>Unknown</database>
	</source>
	<size>
		<width>4000</width>
		<height>3000</height>
		<depth>3</depth>
	</size>
	<segmented>0</segmented>
	<object>
		<name>defect</name>
		<pose>Unspecified</pose>
		<truncated>0</truncated>
		<difficult>0</difficult>
		<bndbox>
			<xmin>6</xmin>
			<ymin>1282</ymin>
			<xmax>222</xmax>
			<ymax>1534</ymax>
		</bndbox>
	</object>
	<object>
		<name>defect</name>
		<pose>Unspecified</pose>
		<truncated>0</truncated>
		<difficult>0</difficult>
		<bndbox>
			<xmin>314</xmin>
			<ymin>1306</ymin>
			<xmax>586</xmax>
			<ymax>1494</ymax>
		</bndbox>
	</object>
</annotation>
