<annotation>
	<folder>selected_defect</folder>
	<filename>20220601_100447_016.jpg</filename>
	<path>/home/dgx/welding/selected_defect/20220601_100447_016.jpg</path>
	<source>
		<database>Unknown</database>
	</source>
	<size>
		<width>4000</width>
		<height>3000</height>
		<depth>3</depth>
	</size>
	<segmented>0</segmented>
	<object>
		<name>Defect</name>
		<pose>Unspecified</pose>
		<truncated>0</truncated>
		<difficult>0</difficult>
		<bndbox>
			<xmin>47</xmin>
			<ymin>1386</ymin>
			<xmax>1060</xmax>
			<ymax>1656</ymax>
		</bndbox>
	</object>
	<object>
		<name>Defect</name>
		<pose>Unspecified</pose>
		<truncated>0</truncated>
		<difficult>0</difficult>
		<bndbox>
			<xmin>1243</xmin>
			<ymin>1439</ymin>
			<xmax>1503</xmax>
			<ymax>1608</ymax>
		</bndbox>
	</object>
	<object>
		<name>Defect</name>
		<pose>Unspecified</pose>
		<truncated>0</truncated>
		<difficult>0</difficult>
		<bndbox>
			<xmin>2077</xmin>
			<ymin>1447</ymin>
			<xmax>3169</xmax>
			<ymax>1626</ymax>
		</bndbox>
	</object>
</annotation>
