<annotation>
	<folder>selected_defect</folder>
	<filename>20220601_100447_031.jpg</filename>
	<path>/home/dgx/welding/selected_defect/20220601_100447_031.jpg</path>
	<source>
		<database>Unknown</database>
	</source>
	<size>
		<width>4000</width>
		<height>3000</height>
		<depth>3</depth>
	</size>
	<segmented>0</segmented>
	<object>
		<name>Defect</name>
		<pose>Unspecified</pose>
		<truncated>0</truncated>
		<difficult>0</difficult>
		<bndbox>
			<xmin>112</xmin>
			<ymin>1460</ymin>
			<xmax>499</xmax>
			<ymax>1617</ymax>
		</bndbox>
	</object>
	<object>
		<name>Defect</name>
		<pose>Unspecified</pose>
		<truncated>0</truncated>
		<difficult>0</difficult>
		<bndbox>
			<xmin>1386</xmin>
			<ymin>1386</ymin>
			<xmax>1777</xmax>
			<ymax>1565</ymax>
		</bndbox>
	</object>
	<object>
		<name>Defect</name>
		<pose>Unspecified</pose>
		<truncated>0</truncated>
		<difficult>0</difficult>
		<bndbox>
			<xmin>2512</xmin>
			<ymin>1378</ymin>
			<xmax>2903</xmax>
			<ymax>1543</ymax>
		</bndbox>
	</object>
</annotation>
