<annotation>
	<folder>selected_defect</folder>
	<filename>20220601_100420_032.jpg</filename>
	<path>/home/dgx/welding/selected_defect/20220601_100420_032.jpg</path>
	<source>
		<database>Unknown</database>
	</source>
	<size>
		<width>4000</width>
		<height>3000</height>
		<depth>3</depth>
	</size>
	<segmented>0</segmented>
	<object>
		<name>defect</name>
		<pose>Unspecified</pose>
		<truncated>0</truncated>
		<difficult>0</difficult>
		<bndbox>
			<xmin>22</xmin>
			<ymin>1478</ymin>
			<xmax>2818</xmax>
			<ymax>1734</ymax>
		</bndbox>
	</object>
</annotation>
