<annotation>
	<folder>selected_defect</folder>
	<filename>20220601_100447_059.jpg</filename>
	<path>/home/dgx/welding/selected_defect/20220601_100447_059.jpg</path>
	<source>
		<database>Unknown</database>
	</source>
	<size>
		<width>4000</width>
		<height>3000</height>
		<depth>3</depth>
	</size>
	<segmented>0</segmented>
	<object>
		<name>Defect</name>
		<pose>Unspecified</pose>
		<truncated>0</truncated>
		<difficult>0</difficult>
		<bndbox>
			<xmin>586</xmin>
			<ymin>1500</ymin>
			<xmax>1199</xmax>
			<ymax>1673</ymax>
		</bndbox>
	</object>
	<object>
		<name>Defect</name>
		<pose>Unspecified</pose>
		<truncated>0</truncated>
		<difficult>0</difficult>
		<bndbox>
			<xmin>2377</xmin>
			<ymin>1478</ymin>
			<xmax>3990</xmax>
			<ymax>1608</ymax>
		</bndbox>
	</object>
</annotation>
