<annotation>
	<folder>selected_defect</folder>
	<filename>20220601_100447_085.jpg</filename>
	<path>/home/dgx/welding/selected_defect/20220601_100447_085.jpg</path>
	<source>
		<database>Unknown</database>
	</source>
	<size>
		<width>4000</width>
		<height>3000</height>
		<depth>3</depth>
	</size>
	<segmented>0</segmented>
	<object>
		<name>Defect</name>
		<pose>Unspecified</pose>
		<truncated>0</truncated>
		<difficult>0</difficult>
		<bndbox>
			<xmin>21</xmin>
			<ymin>1369</ymin>
			<xmax>121</xmax>
			<ymax>1513</ymax>
		</bndbox>
	</object>
	<object>
		<name>Defect</name>
		<pose>Unspecified</pose>
		<truncated>0</truncated>
		<difficult>0</difficult>
		<bndbox>
			<xmin>164</xmin>
			<ymin>1356</ymin>
			<xmax>264</xmax>
			<ymax>1469</ymax>
		</bndbox>
	</object>
	<object>
		<name>Defect</name>
		<pose>Unspecified</pose>
		<truncated>0</truncated>
		<difficult>0</difficult>
		<bndbox>
			<xmin>286</xmin>
			<ymin>1395</ymin>
			<xmax>386</xmax>
			<ymax>1478</ymax>
		</bndbox>
	</object>
	<object>
		<name>Defect</name>
		<pose>Unspecified</pose>
		<truncated>0</truncated>
		<difficult>0</difficult>
		<bndbox>
			<xmin>438</xmin>
			<ymin>1334</ymin>
			<xmax>2916</xmax>
			<ymax>1469</ymax>
		</bndbox>
	</object>
</annotation>
