<annotation>
	<folder>selected_defect</folder>
	<filename>20220601_100420_092.jpg</filename>
	<path>/home/dgx/welding/selected_defect/20220601_100420_092.jpg</path>
	<source>
		<database>Unknown</database>
	</source>
	<size>
		<width>4000</width>
		<height>3000</height>
		<depth>3</depth>
	</size>
	<segmented>0</segmented>
	<object>
		<name>defect</name>
		<pose>Unspecified</pose>
		<truncated>0</truncated>
		<difficult>0</difficult>
		<bndbox>
			<xmin>218</xmin>
			<ymin>1294</ymin>
			<xmax>466</xmax>
			<ymax>1506</ymax>
		</bndbox>
	</object>
	<object>
		<name>defect</name>
		<pose>Unspecified</pose>
		<truncated>0</truncated>
		<difficult>0</difficult>
		<bndbox>
			<xmin>890</xmin>
			<ymin>1322</ymin>
			<xmax>1202</xmax>
			<ymax>1490</ymax>
		</bndbox>
	</object>
</annotation>
