<annotation>
	<folder>selected_defect</folder>
	<filename>20220601_100456.jpg</filename>
	<path>/home/dgx/welding/selected_defect/20220601_100456.jpg</path>
	<source>
		<database>Unknown</database>
	</source>
	<size>
		<width>4000</width>
		<height>3000</height>
		<depth>3</depth>
	</size>
	<segmented>0</segmented>
	<object>
		<name>Defect</name>
		<pose>Unspecified</pose>
		<truncated>0</truncated>
		<difficult>0</difficult>
		<bndbox>
			<xmin>34</xmin>
			<ymin>1382</ymin>
			<xmax>2360</xmax>
			<ymax>1552</ymax>
		</bndbox>
	</object>
	<object>
		<name>Defect</name>
		<pose>Unspecified</pose>
		<truncated>0</truncated>
		<difficult>0</difficult>
		<bndbox>
			<xmin>2964</xmin>
			<ymin>1369</ymin>
			<xmax>3603</xmax>
			<ymax>1508</ymax>
		</bndbox>
	</object>
</annotation>
