<annotation>
	<folder>selected_defect</folder>
	<filename>20220601_100447_029.jpg</filename>
	<path>/home/dgx/welding/selected_defect/20220601_100447_029.jpg</path>
	<source>
		<database>Unknown</database>
	</source>
	<size>
		<width>4000</width>
		<height>3000</height>
		<depth>3</depth>
	</size>
	<segmented>0</segmented>
	<object>
		<name>Defect</name>
		<pose>Unspecified</pose>
		<truncated>0</truncated>
		<difficult>0</difficult>
		<bndbox>
			<xmin>60</xmin>
			<ymin>1413</ymin>
			<xmax>790</xmax>
			<ymax>1573</ymax>
		</bndbox>
	</object>
	<object>
		<name>Defect</name>
		<pose>Unspecified</pose>
		<truncated>0</truncated>
		<difficult>0</difficult>
		<bndbox>
			<xmin>1747</xmin>
			<ymin>1408</ymin>
			<xmax>1843</xmax>
			<ymax>1530</ymax>
		</bndbox>
	</object>
	<object>
		<name>Defect</name>
		<pose>Unspecified</pose>
		<truncated>0</truncated>
		<difficult>0</difficult>
		<bndbox>
			<xmin>1956</xmin>
			<ymin>1404</ymin>
			<xmax>2069</xmax>
			<ymax>1543</ymax>
		</bndbox>
	</object>
</annotation>
