<annotation>
	<folder>selected_defect</folder>
	<filename>20220601_100447_066.jpg</filename>
	<path>/home/dgx/welding/selected_defect/20220601_100447_066.jpg</path>
	<source>
		<database>Unknown</database>
	</source>
	<size>
		<width>4000</width>
		<height>3000</height>
		<depth>3</depth>
	</size>
	<segmented>0</segmented>
	<object>
		<name>Defect</name>
		<pose>Unspecified</pose>
		<truncated>0</truncated>
		<difficult>0</difficult>
		<bndbox>
			<xmin>1177</xmin>
			<ymin>1469</ymin>
			<xmax>1312</xmax>
			<ymax>1634</ymax>
		</bndbox>
	</object>
	<object>
		<name>Defect</name>
		<pose>Unspecified</pose>
		<truncated>0</truncated>
		<difficult>0</difficult>
		<bndbox>
			<xmin>1360</xmin>
			<ymin>1482</ymin>
			<xmax>1473</xmax>
			<ymax>1626</ymax>
		</bndbox>
	</object>
	<object>
		<name>Defect</name>
		<pose>Unspecified</pose>
		<truncated>0</truncated>
		<difficult>0</difficult>
		<bndbox>
			<xmin>1525</xmin>
			<ymin>1465</ymin>
			<xmax>1582</xmax>
			<ymax>1578</ymax>
		</bndbox>
	</object>
	<object>
		<name>Defect</name>
		<pose>Unspecified</pose>
		<truncated>0</truncated>
		<difficult>0</difficult>
		<bndbox>
			<xmin>2203</xmin>
			<ymin>1491</ymin>
			<xmax>2347</xmax>
			<ymax>1582</ymax>
		</bndbox>
	</object>
	<object>
		<name>Defect</name>
		<pose>Unspecified</pose>
		<truncated>0</truncated>
		<difficult>0</difficult>
		<bndbox>
			<xmin>3086</xmin>
			<ymin>1460</ymin>
			<xmax>3243</xmax>
			<ymax>1565</ymax>
		</bndbox>
	</object>
</annotation>
