<annotation>
	<folder>selected_defect</folder>
	<filename>20220601_100447_020.jpg</filename>
	<path>/home/dgx/welding/selected_defect/20220601_100447_020.jpg</path>
	<source>
		<database>Unknown</database>
	</source>
	<size>
		<width>4000</width>
		<height>3000</height>
		<depth>3</depth>
	</size>
	<segmented>0</segmented>
	<object>
		<name>Defect</name>
		<pose>Unspecified</pose>
		<truncated>0</truncated>
		<difficult>0</difficult>
		<bndbox>
			<xmin>64</xmin>
			<ymin>1460</ymin>
			<xmax>599</xmax>
			<ymax>1678</ymax>
		</bndbox>
	</object>
	<object>
		<name>Defect</name>
		<pose>Unspecified</pose>
		<truncated>0</truncated>
		<difficult>0</difficult>
		<bndbox>
			<xmin>773</xmin>
			<ymin>1530</ymin>
			<xmax>1030</xmax>
			<ymax>1639</ymax>
		</bndbox>
	</object>
	<object>
		<name>Defect</name>
		<pose>Unspecified</pose>
		<truncated>0</truncated>
		<difficult>0</difficult>
		<bndbox>
			<xmin>1247</xmin>
			<ymin>1517</ymin>
			<xmax>1364</xmax>
			<ymax>1621</ymax>
		</bndbox>
	</object>
	<object>
		<name>Defect</name>
		<pose>Unspecified</pose>
		<truncated>0</truncated>
		<difficult>0</difficult>
		<bndbox>
			<xmin>1425</xmin>
			<ymin>1534</ymin>
			<xmax>1499</xmax>
			<ymax>1630</ymax>
		</bndbox>
	</object>
	<object>
		<name>Defect</name>
		<pose>Unspecified</pose>
		<truncated>0</truncated>
		<difficult>0</difficult>
		<bndbox>
			<xmin>1547</xmin>
			<ymin>1513</ymin>
			<xmax>1677</xmax>
			<ymax>1604</ymax>
		</bndbox>
	</object>
	<object>
		<name>Defect</name>
		<pose>Unspecified</pose>
		<truncated>0</truncated>
		<difficult>0</difficult>
		<bndbox>
			<xmin>1803</xmin>
			<ymin>1495</ymin>
			<xmax>2543</xmax>
			<ymax>1595</ymax>
		</bndbox>
	</object>
	<object>
		<name>Defect</name>
		<pose>Unspecified</pose>
		<truncated>0</truncated>
		<difficult>0</difficult>
		<bndbox>
			<xmin>2590</xmin>
			<ymin>1495</ymin>
			<xmax>2669</xmax>
			<ymax>1600</ymax>
		</bndbox>
	</object>
	<object>
		<name>Defect</name>
		<pose>Unspecified</pose>
		<truncated>0</truncated>
		<difficult>0</difficult>
		<bndbox>
			<xmin>2777</xmin>
			<ymin>1495</ymin>
			<xmax>2951</xmax>
			<ymax>1617</ymax>
		</bndbox>
	</object>
</annotation>
