<annotation>
	<folder>selected_defect</folder>
	<filename>20220601_100447_001.jpg</filename>
	<path>/home/dgx/welding/selected_defect/20220601_100447_001.jpg</path>
	<source>
		<database>Unknown</database>
	</source>
	<size>
		<width>4000</width>
		<height>3000</height>
		<depth>3</depth>
	</size>
	<segmented>0</segmented>
	<object>
		<name>Defect</name>
		<pose>Unspecified</pose>
		<truncated>0</truncated>
		<difficult>0</difficult>
		<bndbox>
			<xmin>25</xmin>
			<ymin>1308</ymin>
			<xmax>2860</xmax>
			<ymax>1582</ymax>
		</bndbox>
	</object>
	<object>
		<name>Defect</name>
		<pose>Unspecified</pose>
		<truncated>0</truncated>
		<difficult>0</difficult>
		<bndbox>
			<xmin>3038</xmin>
			<ymin>1386</ymin>
			<xmax>3803</xmax>
			<ymax>1517</ymax>
		</bndbox>
	</object>
</annotation>
