<annotation>
	<folder>selected_defect</folder>
	<filename>20220531_150602_002.jpg</filename>
	<path>/home/dgx/welding/selected_defect/20220531_150602_002.jpg</path>
	<source>
		<database>Unknown</database>
	</source>
	<size>
		<width>4000</width>
		<height>3000</height>
		<depth>3</depth>
	</size>
	<segmented>0</segmented>
	<object>
		<name>defect</name>
		<pose>Unspecified</pose>
		<truncated>0</truncated>
		<difficult>0</difficult>
		<bndbox>
			<xmin>1650</xmin>
			<ymin>1146</ymin>
			<xmax>2970</xmax>
			<ymax>1762</ymax>
		</bndbox>
	</object>
</annotation>
