<annotation>
	<folder>selected_defect</folder>
	<filename>20220601_100447_058.jpg</filename>
	<path>/home/dgx/welding/selected_defect/20220601_100447_058.jpg</path>
	<source>
		<database>Unknown</database>
	</source>
	<size>
		<width>4000</width>
		<height>3000</height>
		<depth>3</depth>
	</size>
	<segmented>0</segmented>
	<object>
		<name>Defect</name>
		<pose>Unspecified</pose>
		<truncated>0</truncated>
		<difficult>0</difficult>
		<bndbox>
			<xmin>690</xmin>
			<ymin>1404</ymin>
			<xmax>1460</xmax>
			<ymax>1652</ymax>
		</bndbox>
	</object>
	<object>
		<name>Defect</name>
		<pose>Unspecified</pose>
		<truncated>1</truncated>
		<difficult>0</difficult>
		<bndbox>
			<xmin>2482</xmin>
			<ymin>1443</ymin>
			<xmax>4000</xmax>
			<ymax>1630</ymax>
		</bndbox>
	</object>
</annotation>
