<annotation>
	<folder>selected_defect</folder>
	<filename>20220601_100447_073.jpg</filename>
	<path>/home/dgx/welding/selected_defect/20220601_100447_073.jpg</path>
	<source>
		<database>Unknown</database>
	</source>
	<size>
		<width>4000</width>
		<height>3000</height>
		<depth>3</depth>
	</size>
	<segmented>0</segmented>
	<object>
		<name>Defect</name>
		<pose>Unspecified</pose>
		<truncated>0</truncated>
		<difficult>0</difficult>
		<bndbox>
			<xmin>599</xmin>
			<ymin>1339</ymin>
			<xmax>2890</xmax>
			<ymax>1547</ymax>
		</bndbox>
	</object>
	<object>
		<name>Defect</name>
		<pose>Unspecified</pose>
		<truncated>0</truncated>
		<difficult>0</difficult>
		<bndbox>
			<xmin>2960</xmin>
			<ymin>1373</ymin>
			<xmax>3043</xmax>
			<ymax>1482</ymax>
		</bndbox>
	</object>
	<object>
		<name>Defect</name>
		<pose>Unspecified</pose>
		<truncated>0</truncated>
		<difficult>0</difficult>
		<bndbox>
			<xmin>3160</xmin>
			<ymin>1365</ymin>
			<xmax>3569</xmax>
			<ymax>1530</ymax>
		</bndbox>
	</object>
</annotation>
